,comments
0,"Came to this store first time and really impressed with the staff who assisted us., Soon. The furniture displayed very nicely. You're not rushed to make selections or buy anything. Soon was there to show us around, explaining the items, ‚Ä¶"
1,One of the highly recommended chair is kinsley teak model. If you are looking at pure wooden chair for your dining set.
2,Excellent service! Reasonable pricing and good quality. Ronny was outgoing and provided detailed explanation in regards to the wood choices. The lady (PeiShan)  at the counter greeted us with a friendly gesture.
3,"Excellent collection and range, nice designs, helpful staff, realistic service. Neither expensive now cheap but best part is Fixed price. Only negative is Odd location."
4,Wide variety of woodworks. Some of them have rather unique designs.
5,Service was good. Price is decent but the product i want need a lead time of 2 to 3months and all natural wood will come different. Concern that the wood grain may not come nice when delivered. The air at bed frame department is very dusty.
6,"extremely friendliness experience with the staffs services, and vast variety of timber product for every household needs, thanks n will be there again"
7,"I bought a Wilton two panel teak divider from Wihardja, and after two weeks of taking delivery, I noticed a major crack in one of the wooden slots which was not easily noticeable due to the dark colour of the panel.  I contacted Wihardja ‚Ä¶"
8,"A wide range of furniture , service excellent and nice shop to go ."
9,I had a very good experience at Wihardja Furniture Singapore at Sungei Kadut. The staffs are very friendly. The showroom is very big. The items are all in a very good and solid condition. Highly recommended to everybody. Please come to Wihardja Furniture Singapore at Sungei Kadut. Thank you.
10,"Love the teak wood furnitures from Wihardja! Probably our third time here to purchase their furnitures. The sofa, tv console and tables are lasting and sturdy. Recommended üëèüèªüëèüèªüëèüèª"
11,Great experience. The staffs are very friendly and helpful. Showroom is big and has a wide variety of furnitures that suits our preferences.
12,Back here again to get our furniture.good service. Solid material. Affordable price.
13,We waited for 15 mins but the salespeople completely ignored us...did not even acknowledge our presence. When we walked upto them and asked if someone can help they replied rudely. We just walked out post that. Not sure what world they live in!!!
14,Wide range of furniture at reasonable prices. Salesman Kar soon was cheerful helpful and informative.
15,Visited the shop with my family. Managed to buy a bed frame and sofa. It's going to be a 2 months wait since it's customised. I like the friendly and patient sales person that share her knowledge and bring up the concerns which I did not ‚Ä¶
16,"Price reasonable, service was great."
17,"We came here for getting a custom made table for our kitchen. They understood our requirements and offered a few options of the design. We liked the quality and price and already ordered the table. It's a nice store and the have lots of options, specially in Teak wood. We also got bed side table from here. Highly recommended."
18,"Variety of items available. Managed to seats for purchase. Despite near closing time, staffs were very bubbly,helpful,attentive to my needs. Thanks team. Pleasant Experience."
19,"Friendly, helpful and knowledge staff and beautiful, sturdy, solid wood furniture. Might a little overwhelming at some parts of the showroom. Lots of up to date designs to choose from. Get the feel of the actual pieces of furniture, or pick from the catalog. You can customize or even have them copy a design you fancy."
20,Furniture very sturdy. To my liking.
21,"After doing some intensive research on the teak wood furniture scene in Singapore, we decided on coming down and make our first teak purchase! The affordability and design was our first 2 consideration and the quality of the wood was ‚Ä¶"
22,Good quality
23,V helpful with suggestions. Patient in answering our queries
24,The showroom provides a variety of furniture for home owners to choose. The environment is cool and quiet. Excellent for making good decisions in purchasing the furniture. The salespersons are friendly and welcoming. Will come again in the future if more furniture is needed.
25,"Hidden in a metalwork factory, may miss it on first pass. Nice selection of wooden furniture at reasonable prices."
26,Wide range of wood furniture to suite my taste.
27,"I had my king size bed customized back then, come back to buy another set of bed for my parent. Best place to shop teak wood product with a lot of wood collection down here too. Strongly recommended!"
28,"Very friendly staff, very accomodating"
29,Service was great! Staff was knowledgable and accommodating to our needs. Would definitely buy from them again :)
30,"Positives - staff are friendly and helpful, and there is quite a wide range of teak furniture at reasonable prices.

Negative - getting into the compound and a parking lot can be a hassle, especially if there is a queue of cars trying to enter at the same time."
31,Great range of furniture. Custom specifications are possible. Great place for the budget conscious looking for 100% teak wood furniture. Very helpful sales assistant too. It's now my first stop for all my furniture needs.
32,Great experience shopping for furniture here. Found the dining table that we like and the buying process was well explained and the Sales staff were polite and professional. Will recommend friends over.
33,Gd service and helpful.
34,Furniture could be customized and its solid wood from Indo. Though the place is a bit unexpected above a metal factory. Friendly staff.
35,Easy walk around and helpful staff.
36,Awesome place that provides a wide variety of teak furniture. Designs are really unique and highly recommend home owners to drop by! (p/s: prices are so affordable here!) hurry down now!
37,Great place to shop for furniture
38,Good range of teak wood furniture..
39,"Affordable and quality products. Good customer service, patient, friendly and helpful staff. Recommended."
40,"The  staff are very friendly, specially kar soon."
41,"I like the place, spacious and the range of furniture. We were greeted by a pleasant salesperson. She was helpful and patient. Would definitely come back for more and will surely recommend this place to friends. Thank you for the good service."
42,Inaccessible. Worksmanship so so. Reasonable price. Only 1 staff.
43,So nice friendly staff and good stuff for home.
44,Interesting and cool place. No regrets making a trip here.
45,We came here for bed frame and üõã. Nice experience because we can customize the size and the Salesperson have a good knowledge.. Recommend place to go
46,"Lots of wonderful varieties of furniture  from living room,  bedrooms and balcony. Reasonable pricing. Came back for more recycle bags."
47,Nice Suar and Teak wood.Must visit. Cheers!!!
48,"The showroom offers a variety of furniture for consideration. Salespeople especially Peishan, are friendly and customer focused. I was particularly surprised by the willingness to customize the furniture to my design intent."
49,Ah Kam was fantastic. Answered all our queries and took his time to show us the furniture. Awesome  customer servixe
50,They offer customized design for their customers. We asked them to make our queen size bed with pull out and the design was indeed amazing. They could also deliver your purchases straight to your door. I hope they could also offer installment plans in the future.
51,Good relation customer salesperson....peishan...will come back again
52,Great variety of choices. Would recommend especially for people interested in teak furnitures! Reasonable prices too :)
53,Liked the fact that the staff was helpful and customisation is possible for the furniture pieces we wanted. Definitely a nice to go place to find eclectic pieces for the home.
54,Very friendly customer orientated person ...I will definitely comes back to wihardja with tis kind of service from...PEI Shan
55,"Excellent place to head to and get your teak items. Absolutely worth it. Happy to be spending here. Worth my tine and money. To Add on, The salesperson is always there to assist me for whatever I needed."
56,Brought the parents over to have a see on the available furniture. Staff is very friendly and patient in answering all our doubts. Thank you! You can always dropby and take your time choosing. üòäüòäüòä
57,Awesome place with friendly staff. Tons of furniture variety especially of teak wood. Interesting and affordable designs as well.  Highly recommended!
58,Super friendly and helpful staff! Beautiful solid wood furniture at super affordable prices! Would recommend!
59,Pei Shan was very friendly and helpful! The products here brings a very nostalgic feeling! One stop place for wood furnitures!
60,Excellent service. Staff were very helpful n patient to answer all our questions. We spent almost 2 hours here to furnish our study. Good variety of products
61,"Very friendly staff, Pei Shan is really helpful.. the items to choose plenty of choices too, & it‚Äôs easy to find as well... the price is really reasonable & the ambience is great"
62,Love the place. Lots of items to choose from. I love solid wood furniture. Will purchase more in future. Highly recommend the place.
63,Very friendly staff. Showroom has alot of variety and designs with good quality wood. Very reasonable for the quality offered. Highly recommended.
64,Informative and helpful. Suprised that we could custom made our furniture. Will come back definitely
65,Quality furniture with reasonable price. Must visit place for people who like teak wood furniture! Staff are friendly and have good knowledge in their products. Advice is given for reference to our customization inquiry.
66,Teak! How real furniture should be!
67,"Excellent warehouse to look for teak and suar woods locally. Plenty of choices to pick. Most importantly, AFFORDABLE PRICES! Very helpful and friendly services."
68,"Bought a nice and reasonably priced solid wood tv console. Staff were extremely friendly and helpful. They offered to create a hole at the back of the unit for wire access but forgot. When I called to bring up this issue, the lady who ‚Ä¶"
69,Friendly service.. Great customer service and oriented. Big showroom. Recommended if you are looking into teak furniture for your house!
70,"They are able to customize furniture to your needs. However, rough workmanship. The after sales service officer was polite but took 2-3 months for them to get the material to repair the defective part. Overall, not value for money."
71,Products not worth the price.
72,Friendly staff. Give customer an accurate info on each item stock waiting time duration. Overall thumbs up!!
73,Very pleasant staff and amazing furniture collection. Very antiquish and great prices. I would go again.
74,Staff is responsive and polite. He also attend to us patiently though we have multiple queries. Products are of good quality but very reasonable price. Good place to shop for furniture.
75,I have a 3 year Aaliyah Teak bench which had slightly faded and in need of a restoration. Wihardja Furniture after sales service was prompt and attentive to my restoration enquiry and the workmanship on the restoration was fast and excellent. Thank you Wihardja Furniture.
76,Quality furniture with reasonable price. Staff are friendly and have good knowledge in their products. Advice is given for reference when we are in doubt. The choices are many and customization service is provided.
77,Been a teak furniture fan for the longest time. Running out of its oil n found one hear at Wihardja Sungei Kadut. Wide variety of wooden made furniture for my liking too but no more space at home.
78,"Just bought a side table from Wihardja, super friendly & helpful chinese salesman. Very knowledge on the products. Thumb up."
79,"Love the surrounding at Wihardja Sungei Kadut
Friendly sales person, just bought any item here!"
80,Cute pieces they have here.
81,"Very pleasant experience and no obligations feeling at all, if the place has more segregations would be better so it will look more organised."
82,Interesting collection and very friendly staff.
83,"Variety of teaakwood furniture with great offer during 54th national promotion!!! If u r looking for teak wood furniture, pls dont miss to visit such a great place."
84,"My husband and I went to the branch at sugei kadut to get a bed frame. The staff that serve us was very friendly and patient with us even though we took quite awhile to consider. She will also advise us on some of the items we are looking at. Overall, we had a pleasant experience."
85,"We went to Wihardja shop at Sungei Kadut, and Pei Shan attended me and my family. She is friendly and helpful, most importantly she is very patient. Keep up the good work!"
86,We came here for a cabinet and found one fitting our measurement. The showroom is big and the sales team is helpful. We requested for photograph of the finished product before they deliver for assurance.
87,The staff are friendly and helpful. We ended up customising a stool to go with the table we bought. The price of the furniture is also reasonable for the good quality you are getting!!
88,"Unexpectedly lovely furniture display store, located incongruously above  a pressed metal warehouse. Has a nice and eclectic selection of wood and modern furniture. Friendly and accommodating staff willing to bring you through the selections and customisations available"
89,This a good place for pearled who like teak wood furniture. They have variety of display items to choose/view. A comfortable and pleasant place to shop for teak and suarwood furniture. Great experience!
90,Firstly is difficult to find the warehouse as the company combine with other company.. As the entrance to widharja is misleading. But is  helpful if the company logo is big for us as buyer to find the shop.. But is very great as we enter the shop.. Marvellous and fantastic..
91,Amazingly hard to find but worth it. Look out for banner half falling off and A4 sign at staircase hinting of teak showroom upstairs. Really helpful staff. Have not received goods yet but finding the place with good bargain prices of ‚Ä¶
92,"Patient and friendly staff, willing to share key pointers on teak furniture.  It is located inside a strangely run down factory building.  And then you go up to the showroom, and see this interesting and eclectic range of furniture.  Pretty fun."
93,"Awesome showroom, variety of designs available for viewing. Friendly staff. Recommended."
94,A piece of gem in an unexpected location. Spacious and has ample furniture being displayed for look and feel. Staff is most friendly and informative. Worth a visit for wooden furniture selection.
95,"Looking for a day bed and they have the one I am looking for, and, with an affordable price."
96,I had a fulfilling and satisfactory experience shopping for my furniture here. The customer service was very good. The staff are very accommodating and they look into all the details of what you truly want. Thank you Wihardja!
97,"Peishan was very helpful and provided very useful information on our purchases. Prices are very reasonable here as well, and quality is evident. For any wood based furniture, we strongly recommend you to come by this store first before making a decision."
98,Good quality teak wood products and reasonable price. Location is easily accessible. Customer Service is good. Thank you Pei Shan.
99,This place very exciting furniture and the staff very helpful and patience to give enough details. Moreover the prices reasonable.
100,Good customer service by Kam Fei!
101,A lot choice of solid wood furniture..and big mirrors that I like..best place to shop for such furniture..
102,Jian  Hua make the experience a lot more meaningful. He is very patient and acquire good product knowledge
103,Alot variety & good customer service
104,Well arranged showroom and absolutely love how we can customize everything to suit our needs. Staffs are friendly and detailed. Wheelchair friendly area another plus point for us.
105,Friendly service staff. Good variety of wood furnishings.
106,Great showroom and super friendly customer service staff.. wide range of choices and love their items here!!
107,Pei Shan is very helpful and friendly! Good jobs guys. She is super patient also!
108,"Went there to look for dinning chairs and was helped by May,  She explained to us carefully and helped us get many price checks on our different requirements swiftly.  The wood they use is very solid and natural looking.  Compared to other ‚Ä¶"
109,Very nice cosy display of teak furniture. Sure will buy a few
110,The shop is quite comfortable the product is high quality especially the woods.
111,Nice place n convenience. Salesman is so helpful and friendly.. Will come back for more.. Thank you Wihardja.
112,The price is very reasonable. I have been scouting for beds & they give very good price range. Ended up buying a dining table .... :)
113,"I have known Wihardja for over 10 years now and absolutely love their products. I really also appreciate their staff members in guiding me around and helping me with my queries, especially Angie and May. I often visit the Sungei kadut ‚Ä¶"
114,"If you are teak lover, you should come down and check out this place. Teak wood age beautifully."
115,"Love ‚ù§‚ù§‚ù§ all their teak furniture. This is my 3rd trip here since moving to my new house. Already bought 2 Queen size beds, TV console, dressing table, 2 side tables etc. Super friendly and helpful sales staff. Today was attended by Kam Fei ‚Ä¶"
116,The place is nice selling teak woods. Price is reasonable.
117,JH has good customer service. Very pleasant and helpful. Overall we managed to find what we needed.
118,Like the sleek and smooth finish of the wooden furniture and the creativity of the style of the design. The staff are really very friendly and gave tips and information for us even if it is not related to theirs products. We were here for a ‚Ä¶
119,Fantastic place with amazing real furniture and prices. Love the wood and the quirky furniture styles. Very Balinese. Our sales guy was wonderful Jian Hua.
120,Pleasant visit to the showroom. One of the staff called May was helpful throughout with our queries. Very good service we received.
121,Good environment. Many choices. Staff was friendly and very helpful.
122,Spacious showroom with wide range of items. Location easy to find.
123,Staff very friendly and helpful.Show room is excellent.location is easy ti find.
124,We saw a beautiful chair in Malacca & after searching I found it in Wihardja. We went to Sungei Kadut showroom & feel in love with chair & bought it right away. We would like to appreciate the staff (Pei Shan & Jian Hua) who accomodate us patiently.
125,"Very friendly and helpful for our request, and a lovely set of different types of furniture. Will definitely be coming back and recommend this to anyone who wants any wood type furniture of high quality."
126,"Interesting, quality furnitures, value for money price and knowledgable friendly  staffs"
127,Not too bad.  A bit misleading cause not all items are on year end sale. Very selected items. Prices are as displayed.. Should have free delivery if u spent a minimum amount.
128,Very friendly staffs. The wood furnitures are really nice and price is affordable.
129,"Excellent collection of wooden furniture, especially tables, stools and bed frames"
130,Service staff was friendly and helpful. Gave us useful info about the items we are purchasing. Never regret any of my purchases at Wihardja! üòéü§ó
131,There are variety of wooden furniture.  Quite nice. The staff are quite friendly too.
132,The place is nice big with alot of furnitures. just that the location is hardly spotted from the roadside. this building shares its location with a metal company. maybe you can make the company name bigger and more easily seen from the road.
133,Great place and great staff. Good teak furnitures at a good price. Great product
134,Excellent selection of solid wood furniture. Very reasonable prices! They custom make too. Helpful service.. I highly recommend it. ‚≠êÔ∏è
135,All the staff at both the Kaki Bukit and Sungei Kadut outlets were very friendly. Lots of interesting items for homes. Very reasonable pricing also.
136,"There is wide variety of teakwood furnitures, ranging from traditional to modern designs."
137,Friendly staff and share professional advice on customized furniture. Lovely place.
138,"Good quality furnitures with a wide range of choices. Attractive house accessories. Good customer service. Helpful, friendly and knowledgable staff üòä"
139,"Enjoyed the experience of exploring and finding things we like here. The outlet has a nice feel to it and we could freely walk around and explore without anyone shadowing...something I really appreciate!
Special mention of the cordial and helpful staff...esp Lee Ling, who patiently helped us measure and change our minds, at ease:)"
140,"Great range of team furnitures. Goods are beautiful, solid and affordable. Staffs are friendly, knowledgeable, professional and accommodating. Highly recommended for anyone looking for teak products!"
141,"Great place, friendly seller, she(pei shan) answer to all our enquiries :)"
142,Variety of products. Spoilt for choices. Friendly and approachable staff!!
143,"good customer service, price is reasonable but non negotiable."
144,Nice cozy place to shop in. Service is goodüëç
145,Very friendly staff who explain everything. Helpful in offering ideas. Wide variety at good prices.
146,"i come 2 buy a cabinet, i like the wood..n price is affodable..u can choose anything from d warehouse n staff was freindly..."
147,"We were greeted immediately.  The staff was friendly and courteous, providing suggestion to make the right choice. I would recommend Wihardja to those who wants to get a good bargain and quality furniture."
148,The staff was very friendly and helpful. Many unique pieces of furniture. Can customize furniture. Will make for you if you bring a new idea.
149,Lots of choices interesting design and spacious
150,"Cooling environment, good products and excellent service. Would recommend to others."
151,The staff Ms May is patient & knowledgable on the items. The chairs are affordable & of good quality.
152,Jian Hua was helpful and the showroom was well stocked
153,Wide variety of furniture's.. Helpful and friendly staffs. Highly recommended. üëçüëç
154,Very friendly service staff. We came in with a bunch of queries and they were super helpful.
155,Very friendly and detailed service. Salesperson gave us advice and was never pushy. Will return and recommend to others!
156,Very professional and easy going sales personnel. Good teak furniture!! Highly recommended.
157,"Comfortable place to shop at with not stress n good service from the service staff.
Highly recommended"
158,"Was impressed with the range of products and price.. but Very bad after sales service and not all items are good.. especially the cushion/foam.. well, you pay for what u get.."
159,A great place to source and customise suar n teak woods at affordable prices. Friendly staff helps too!
160,Many products available. Friendly staff and would recommend to friends and relatives
161,Experience was great! Very good knowledge of their product. Will definitely recommend.
162,The showroom is very impressive and reasonable price. The service consultant (May) is very friendly and helpful.
163,Nice showroom and have wide range of teak furniture. Highly recommended for house owners looking for teak or customised furniture
164,"Quite a big place, plenty of varieties. Customisable too. V nice."
165,There is a wide range of furniture on display at the store. The staff were very helpful in assisting with our queries. Understand that long standing customers have returned after a long interval which is testimony of the products that are carried.
166,"Very good service and good price.
Will recommend friends to buy."
167,The furniture has amazing design and is very functional. The price is reasonable for the excellent quality. The staff is helpful and friendly.
168,Good. Good mix of furniture types. Good services.
169,Can customise according to the request. Reasonable price. Will recommend to friends.
170,Good customer service. Thanks to Kam Fei for being patient and helpful. Nice furniture and good price.
171,Great variety of quality teak furniture on display at reasonable prices at Toh Guan warehouse. Friendly staff with patience to take care of your needs. Highly recommended! Do drop by for a visit if u are looking for solid teak furniture.
172,A little difficult to find. Sign must be more prominent. Attendance sales good.
173,"Do not let the dog at the first floor stop you from going up to their shop!
We were served by Kam Fei. He is friendly and knowledgeable. He provided us a number of suggestions for our customization ideas!
Totally worth a visit to have your woody ideas materialize!"
174,Nice place great ambience and very helpful staff
175,"Great selection of teak furniture üëçüèª Really helpful and friendly staff, assisted me very well in the customizing of my furniture üòä"
176,Very friendly and accommodating staffs..pcs of furniture look great and at reasonable price.
177,Excellent service. Accommodating and friendly staff. Prices are very reasonable as well w as good quality! Highly recommended!
178,Excellent services from May and Kam Fei. Patience and explain products well.
179,Lots of wood furniture for selection. Very good service.
180,"Custom built these two shelves with teak and I am satisfied with the whole process from enquiry/order, inspection to delivery."
181,What a pleasant surprise in Sg Kadut! Chanced upon Wihardja while furniture shopping and was glad to have found this gem of a collection. Staff (Kam Fei) was very helpful and def contributed to the overall positive  shopping experience!
182,nice wood furniture and price is affordable.
183,"Good service by kam fei
lots of choices and the price is goooooodüëç"
184,Found this treasure by chance! Called to make enquiries and was greeted by a most helpful Pei Shan. She offered good suggestions and the deal is sealed. It's my lucky day üòÄ
185,very nice furniture and reasonable price.
186,"Excellent sale reps, patience with good explanation. The showroom is filled with many items for your eyes!"
187,Very professional and friendly sales person Kam Fei that made the purchase very pleasant. It was his service that made us order the table. Cheers!
188,Visited the store 3 times & the services provided by the staff is very good as he (KF) is very helpful in getting my order taken with my own measurement requirements since the cabinet in the store did not fit into the space I have.
189,Hi all..spacous showroom n many choices to view n decide..pls visit d show room for new furniture collection..
190,Reasonable Price with great product!
191,"Amazing showroom, if youre looking for solid teak furniture, come check it out. Very friendly and knowledgeable staff that will assist you."
192,I love Wihardja furniture. The showroom is interesting and display a an eclectic mix of pieces that are functional and attractive.
193,"Custom made a TV console and a cupboard. There were 2 mading errors on the TV console that the height was out by 2cm and the leg was of the wrong type (different from the cupboard).
However, Wihardja was fast to react and agreed to remedy ‚Ä¶"
194,Salesperson Kam Fei was very helpful and patient with us when we were looking for a bed frame ... So many lovely items and so affordable .... Definitely coming again !
195,Came here looking for a sofa.Found several suitable ones for us but if all have to mention specially about the very supportive and friendly customer sevice deliverd by Peishan and Jian Hua.Thank you.
196,Very friendly service...and able to customise to your needs
197,"Good and patient salesman, range of furniture is not bad. Worth a visit."
198,Great place for furniture especially on Wood.
199,Good service and quite reasonable price
200,Good place to find what you need at home!
201,"Very peaceful, the shop is very well organised, wonderful experience shopping here staff is very helpful"
202,We went down Toh Guan East for the first time on a Sunday evening to look for a dining set. Customer service was excellent! A young lady was friendly and approachable. She was also very patient in answering to our many questions. We ‚Ä¶
203,A lot of teak woods available however can improve and add more variety of furniture.
204,Great collection of teak furniture. Decent pricing and friendly service. Kam Fei the salesman was really helpful.
205,Kamfei is a pleasant and helpful staff who helped me with my queries for my customized bed. Good shopping experience.
206,Great place for housing furniture needs. Good and helpful staff.
207,Very conducive to shop here as range is wide. Easy to visualise your needs in this setting. Staff Kam Fei is very helpful and patient.
208,Very nice antiques and wood furniture. Great.
209,Great service. Nice teak furniture. But Don't agree with 100% downpayment.
210,if you love wood you should come here .. furniture and unique decor items .. price is very reasonable
211,Great place for good teak furniture! Such a gem! Oh reasonably priced too!
212,Friendly and honest staff support. Prices affordable!
213,There was a wide selection and the salespeople were helpful
214,Very friendly and helpful staff. Help and answered my queries about the product well. Thank you May.
215,Came with my family to buy wooden furniture. GOOD Affordable price.
216,Huge showroom with many items on display. Prices are really reasonable and the salesman was patient with us throughout.
217,"Excellent attention from the staff, Pei Shan. Helped us patiently as we went through the options and eventually confirmed our dining set. Much appreciated!"
218,Extensive range of high quality furniture. Friendly staff who all readily answered all my questions
219,Good service  and lots of very nice furnitures.  Will be back for more soon.
220,"Came for console table,  got what we want.  Just nice."
221,"Pleased with the sales staff, KAM FEI service. Great teak furniture choices with affordable prices üëç"
222,The staff were very helpful and patient. Very thorough during payment. The furniture suited our needs. Felt very sturdy and the finishing very natural.
223,"Friendly staff, very knowledgable and reliable. Thanks to Kam Fei very patiently attend to our needs."
224,We are very happy to discover this gems. Product and service is excellent. We are attended by Miss Lee Ling. She is professional in her service. We will recommend people who love teak furniture to come here.
225,Nice place with very reasonal prices. Good wood products and good finishes.
226,Fantastic place to find unique designs with great workmanship quality! :)
227,Very very helpful n 100% satisfied with their tip top service.
228,"Nice furniture at reasonable reasonable price, made perfect by friendly staffs."
229,Kam Fei is very friendly and helpful in getting what we required. Thumbs up!
230,Very extensive showroom and knowledgeable staff who can advice on the choice and care of prospective furniture
231,Extensive selection of furnitures and excellent customer service. Thumbs up!
232,Sales persons were patient and very very helpful! Will definitely recommend it :)
233,Wide range of furnitures avail fr antique to modern to contemporary. Salesperson friendly n willing to assist n ans enquiries
234,Friendly service. We found the sofa we like.
235,Friendly staff. Help with things that is needed for our house. Also alot of attractive furniture here. üëçüëç
236,"Went to get a replacement planter (also from Wihardja) at the Sungei Kadut show room. Kam Fei was very helpful in helping us, but felt bad because another customer came and left after just browsing.

Big airy showroom. But there is a jaga ‚Ä¶"
237,I like the layout of the showroom. There is alot of different types of furnitures in many designs. The people are very friendly and willing to help.. Only problem is there is not many signages to show the location of the showroom from the main road.
238,Kam Fei is very helpful and friendly. The showroom is big and spacious to browse around too!
239,Not easy to find. Signboard is not displayed properly. Otherwise the pieces of wooden furniture displayed are value for money.
240,Kam Fei has been patient with our customisation request thou we did not commit immediately upon enquiry. Will definitely come back to him after making a decision. Highly recommended place with wide range selection and customisation service.
241,Kam Fei is very helpful and good selection of teak dining tables.
242,"Very comprehensive service from Mr Kam Fei, most helpful with my bed frame order.  Recommended."
243,Amazing experience and friendly assistant by Kam Fei with exceptional customer service! I would definitely recommend Wihardja furniture to my friends and family! :)
244,Nice environment. Friendly staff as well. Too bad no further discount. But overall good.
245,great place to shop solid teak furniture
246,"May, is accommodating and she knows her products well."
247,Salesperson was helpful and knows his stuff. Would recommend for those looking for wooden furniture.
248,Good range but location and company name difficult to find . Staffs are good and friendly .
249,The staff Peishan & Kam Fei are very friendly & informative but not pushy at all. It was definitely a pleasant experience.
250,A nice setting and friendly staff. Very knowledge and helpful staff.
251,Great showroom and friendly staff (Kam Fei). Would definitely buy furnitures here in the future.
252,"Affordable, fast and efficient service. Thank you Wihardja!"
253,Was served by Kam Fei... He is patient in providing information and helping me to order my mattress cover for my Day-bed.  Thanks Kam Fei!
254,Quality teak furniture at wihardja. Kam fei was very helpful in our inquiries. Thanks !
255,"Industrial area, easy to locate with gps. The warehouse itself is spacious, friendly staffs and a variety of choices. Definitely worth the trip down here."
256,Loved this table/shelf. Will come back for more furniture
257,"The sales assistant, Kamfei, was helpful in providing advice in customising our chest of drawers. Prices are also v reasonable."
258,"Served by Kam Fei, a very helpful and friendly staff. Warehouse has nice wooden furniture."
259,"Very good furniture shop.Top notch teak wood furnitures.Good customer service, especially  Mr.Kam Fei."
260,"Wonderful quiet shop that sells unique furniture and related items. Don't allow the distance to deter your decision to come over and have a look.
We were served by Kam Fei. He was very patient and entertained all our queries, without any ‚Ä¶"
261,Nice interesting items on display. Very helpful staff.
262,Price and quality are affordable especially the Suar solid hard top wood. Kam Fei the sale personnel is a great help in explaining the products.
263,Store carries an impressive range of quality products. Sales person Kam Fei was very helpful in explaining and providing options.
264,"Wihardja has been fantastic! Kam Fei was super friendly, helpful and informative and made the purchasing process very easy. Looking forward to receiving my products soon, will write another review then ! :)"
265,Nice showroom with many interesting wood design. Friendly sales person.
266,Mr Kam Fei is very helpful and professional in helping my buying decisions. Well done. Thank you.
267,"Best place for Suar wood stuff! Super duper personnel! With loads of experience about their product. Good job, Pei Shan, Kam Fei and May! I will be back!"
268,The collections and staff are good.
269,The shop is nice and the furniture are good. Staff is very accommodating.
270,Excellent environment for teak wood products. Nice customer service by Ms. May and Mr. Kam Fei. Would surely recommend this place.
271,Very nice setup and friendly Kam Fei who showed us around.
272,Very helpful customer service and friendly by Mr Kam Fei. Hope  to come again . I'm satisfied.üòç
273,Wonderful sales service by Mr Kam FEI and Mr Clarence .
274,"it is nice display , full range of items,  nice sale assistant as well.  I.bought two of my side tables."
275,Great collection and helpful sales person!
276,Super friendly and helpful staff.
277,Big and well stocked showroom and friendly staff.
278,Good sales service by Ms Ennze. Patient and thorough explanation given
279,Good service and nice stuff. Worth making a trip.
280,THE PERFECT PLACE TO GET ALL YOUR WOOD FURNITURES! FRIENDLY STAFF TOO! KAM FEI WAS THE ONE WHO ATTENDED TO US! THANK YOU
281,Good furniture at best price..Gr8 custoner service
282,Good service and polite staff. Recommended.
283,Was serve by Ms Peishan. Wonderful service. Too much too choose from a vintage to diff kind of teak design. Highly recommended. Will come again to purchase another furniture.
284,Awesome customer service by staff Kam Fei. He gave us useful product infomation. Thank you!
285,Fantastic furnitures and great art work. Great service by kam fei will return again for more items definitely!
286,service very good especially the sales person Kam Fei.
287,Great and prompt service by staff. Excellent!
288,Ok more varieties if you‚Äôre into teak wood
289,Great place for beautiful teak pieces and they were very attentive to customers!
290,Nice furniture with reasonable price and friendly staff.
291,Salesperson is very helpful and very willing to offer solutions to our furnishing needs
292,Unique designs and super friendly stuffs üëç
293,"Kam Fei, staff on duty, is a friendly.Good service."
294,Kam Fei was very friendly and patient. Very pleasant experience here!
295,Excellent. Can customise! Thanks Kam Fei!
296,"Very good service!
Love the retro solid design.
I went to Enterprise outlet and the Leeleng ,the young staff, recommended me to visit their biggest warehouse at Toh Guan East. The big variety of design and good prices amazed me! Leeleng has been very patience and recommended me to opt for better options. Good service !"
297,Kam fei was a very friendly approachable sales person. Overall good experience shopping at wihardja.
298,Good customer service and friendly staff
299,Staff kam Fei is very helpful and friendly.
300,A place worth to discover if you are looking for teak wood furniture. Wide variety and unique designs. Pricing is fairly reasonable. Good quality furniture.
301,Good service from Kam Fei. Just bought a cabinet.
302,"One of the traditional authentic wood factory, where u can get furniture for value."
303,Easy to locate the place. The staff who attended us is very efficient and friendly.
304,Very friendly and device orientated. Staff are very helpful .
305,Helpful and not pushy at all. Superb products
306,Very nice. May was very patient and understanding in explaining the terms and conditions. Great unique whimsical pieces.
307,Items here are really nice and we've bought a couple of items for our new place from this store! Salesperson' knowledge is also good!
308,"Very friendly and helpful staff, furnitures are nice and reasonably priced."
309,Friendly and good services with wide range of quality furniture
310,I've always loved the products from Wihardja. It's value for money and definitely will recommend others to buy. Their sale is to die for üòçüòçüòç
311,This place is out of the way to be honest BUT no regrets at all! Bought 2 pieces of the TEAK WOOD sofa and this was due to the staff good service and response on customer service. His name is KAM FEI and i am sure he will definitely be able to bring the company sales to next level! All the way ok Kam Fei Âä†Ê≤πÂêß!!!!
312,great service ane everything you need is under one roof!
313,Great collection of wooden furniture and decorative pieces. Good mix of contemporary and traditional designs. Helpful staff.
314,"Place is very cozy, salesperson is helpful and their products are solid and retro!"
315,"I have bought furniture from them 20 years ago and back again !!!!!!
The furnitures are value for money!!!!
Friendly, helpful and patience staff"
316,"The collection is really nice, they also allow customisation, which is great :)"
317,Prices are reasonable and staff are attentive.
318,wide range of solid wood furniture available.
319,Friendly service and reasonably priced. Kam Fai is very friendly.
320,Kam fei was a very friendly staff.. Nice warehouse
321,"Awesome place , fantastic range of customizable day beds"
322,"The staff attending to us are friendly and they answered to all our queries with full of patience!..

We were pleasantly surprised with the variety and the affordability of the furnitures available here.

We will definitely think of Wiharja when we think of furnishings for our home..:)"
323,Very happy with product features explanation n fearures
324,Good service. Awaiting delivery to comment on quality of table
325,"No signs to show direction to the showroom.  But Showroom has a wide variety of furnitures, still worth making this trip."
326,"Very warm customer service... Item is good and cheap... Will definitely visit again....

Thanks !"
327,Some good teak furnitures with good pricing.  I don't think most of the furnitures could be disassembled and assemble onsite. Do take note of your elevator and staircase dimensions to move this to your house. They don't really hire good ‚Ä¶
328,Staff Friendly and very well organise.
329,"Wide range of furniture at reasonable prices, and staff who are able to explain their products well. Overall, an extremely pleasant experience."
330,"This has always been my go to furniture store for that antique look, staff are friendly andd helpful, not to mention, and they know what they are selling! Always happy to look for unique stuff here!"
331,The wood selection here is immense and reasonably priced. Highly recommended for wood afficados. Had a wonderful experience with Pei Shan. Fast and attentive service.
332,"Very pleasant experience, Ms May is very helpful and polite. We will be back for more great deals..."
333,Wihardja has a wide selection of wooden furniture . Worth taking a  look if u are into wooden stuff
334,Great service and wonderful range of customisable furniture!
335,Seen a lot of artistic furniture here. Comfy area to look around.
336,Great price...since the rental here is not as high as furniture malls...worth to come n see for your choice.
337,"I love all the stuff from Wihardja. I bought most of my furnitures here. They made me feel like home with all their Indonesian teak and other wooden furnitures. This is my second time purchasing furnitures from here and I already saw a few of my future purchases. Well done, Wihardja. Keep it up!"
338,"Good service, quality product"
339,Quality furniture at a very good deal. Service staffs are very helpful as well.
340,Many options of woodwork and other knick knacks!
341,Very nice and friendly service. Affordable prices with many designs to choose from
342,It a very excellent store with excellent staff in all respect. Will recommend to my family and friends.
343,Big place to shop for all kinds of teak furniture and accessories. Excellent service and helpful staff. Free parking too : )
344,"There are many wood furniture which make your home like oldman styles
For those whose love wood styles can come to here!"
345,Very helpful staff and we like customizability of the furniture options! Prices are ok and real wood is always good.
346,very creative design of the furniture. Good quality wood.
347,Great place  to shop and more choices of modern wooden furniture. Spolit for choice and spend a longer time to select the furniture here.
348,Ronny service patient and explained well. Good.
349,Good customer service provided by May. Accomadative to our requirements. Reasonable pricing.
350,Great teak furniture at great prices. Highly recommended.
351,Good customer service with great explanations given for furniture! Thumbs up!
352,The sales ppl are very Helpful and Friendly ..great place to shop .
353,"My second time dealing with Pei Shan. Friendly, helpful and professional."
354,The goods design are very modernize and the price are very competitive.The staff very knowledgeable and professional.
355,Alot of choices to choose from. Able to customised to our likings. Great effort!!..
356,Wonderful design and reasonable pricing! Best place to shop for wood related furniture!!
357,Very good service..and very friendly..
358,Nice wooden collections.
359,Very compatible price.
360,Customer service was good.
361,Actually I am quite Disappointed with the service because when I ordered the Bed Frame SINGLE CURVED BLOCK HEADBOARD the installer person never installed my bed frame properly install until be frame slanted
362,Unique wood furniture priced very reasonably
363,Very happy with the services. Furniture is great quality and affordable too.
364,Unique designs. Customer service very friendly and efficient.
365,Patient service by the sales person
366,"Good range of collection, specially teak furniture.
Good helpful service ."
367,21/06/2016 - Mission accomplished!!!.. I've got what I wanted fm the Great place for Teakwood lovers!
368,Value for money and nice workmanship.Very friendly and helpful sales person.
369,Many items here.  Staff is very helpful.
370,Friendly staff. I enjoy the freedom to browse in the store. Will sure return here.
371,Very good service and nice furniture at reasonable prices.
372,"Peishan from toh guan outlet is very knowledgeable with the products, very helpful & friendly. Products are good and really value for money!"
373,"Great service, good discounts and products."
374,Good service from ah fei.
375,Very pleasant experience. All the stuff in here are gud. N gud customer service
376,"Wiharja is the place you should head if you are a Teak Lover. They are the most competitive teak wood seller and we have been patronising Wiharja for the last 10 years.
We specially want to thank Pei Shan for her warm and committed service."
377,Found out about the place from The Locing Mum blog. Great selection and the price is affordable!
378,Good selection. Lots of items on display. Thanks.
379,"Very friendly, professional care and expertise."
380,Reasonable price and friendly staff. üëçüëçüëçüëçüëçüëç
381,Friendly staff and a large no. of items on display. Enter via side gate.
382,Great experience with Ms May with her great service. She has given alot of ideas and recommendations for us.
383,Great place to shopped if ur teak n wood lover..n staff were friendly n helpfull..now our house look like we in bali..yeeah..
384,excellent customer svc at both outlets! especially peishan who is super friendly & helpful! cant wait to rcv my furnitures!
385,Great selection wonderful staff! Value for money
386,The sign outside may be small...but the collection is huge...visit them to view their wooden furnitures. Friendly staff and conducive environment to shop.
387,The service is excellenc and prices are reasonable.
388,"If you love woody and rustic furniture , Wihardja definitely has one of the most variety ..their prices are also very reasonable and attractive ..we were served by staff May ...who was very friendly and offered us good advice ...we are so glad that we found them on the net :)"
389,Great service! Love the beautiful furniture.
390,Customer and lay out convenience
391,Really great prices from teak wood. May helped us a lot taking us around and answering all our questions.
392,Quality wood and affordable price !!! No regrets shopping here :D! Thumbs up up up !!!
393,Excellent furniture and customer service
394,Staff is very helpful and polite.
395,Great place to shop for solid teak furniture. Cant wait for the furniture i have bought to be delivered.
396,Friendly and approachable staff who do their best to attend to customer.
397,Excellent service by the attending staff
398,Very comfortable and spacious place to look around. Friendly staff.
399,Good service and the range of item is awesome . Recommanded
400,Great customer service. Looking forward to the item! üëçüòä
401,Good ambience Friendly informative  staff Nice furniture
402,Awesome service by Kamei.
403,"Great experience and most importantly, patient, friendly and knowledgeable staff!"
404,Very impressive and cosy showroom
405,Good range of teak and suar wood furniture at reasonable prices
406,"Nice ambience, could be better with more seats for discussion"
407,Good customer service.
408,Custom make available
409,"Recommended wood furniture buyer here, lot of varierty. Friendly  staff."
410,A beauty showroom within Sungei Kadut. Have to see to believe!
411,Good collection of furnitures
412,"They are kind,patience and helpful."
413,Very unique deco and affordable prices for wood furniture!
414,"Good, very friendly staff.."
415,Excellent collection of teak wood furniture.
416,"Shop today, nice experience with excellent service ...."
417,Beautuful collection and awesome customer service. :)
418,Good and patient salesperson
419,Nice and comfortable.
420,Huge variety of furniture available with friendly sales staff!  The showroom at toh room seems bigger than the other one.
421,Good customer service.
422,Friendly and warm services.
423,Very friendly and helpful staff
424,Good service and great choices
425,Excellent and prompt service.
426,Great service from the team..
427,Salesman is friendly and knowledgeable.
428,Decent products and service
429,furniture looks good and place is cosy
430,Great customer service :)
431,"Nice showroom, friendly staff"
432,Very good
433,The Customer Service is excellent and compentend üëçüëçüëç
434,Good and friendly service
435,Displays are good!
436,Friendly and helpful
437,Customer service very friendly. Many different varieties of products.
438,Great place and staffs
439,Very friendly salesperson!
440,"Great product, great services"
441,"Good experience buying at Wihardja, cheap real solid wood furnitures"
442,Nice furniture at reasonable prices
443,Good service
444,"Nice furniture, friendly staff"
445,Very professional and attentive service. Personal
446,Good teak furniture at an affordable price
447,Great place to look for furniture
448,Good customer service
449,"Helpful staff, affordable furniture"
450,Good service üòÄ
451,Helpful and welcoming staffs.üëç
452,Room is cold but can have more spacous area so can accommodate more people.
453,Good
454,Friendly staff
455,Very patient staff
456,Excellent service
457,Good
458,Good service
459,Speechless...
460,Nice furnitures
461,Thank you for the service and the discount
462,Many good furniture
463,Friendly staff...
464,friendly staff
465,Love the product and service.
466,Good place for wood furniture
467,Wide range of furniture to shop. =)
468,Can't find this place
469,"hello Jianliang, sorry you could not find the showroom. We are located within Lian Bee Industrial Metal Building. We would like to welcome you to our showroom again. Do drop us a call at 6922-4588 if you need further directions."
470,Nice furnishing
471,Nice looking furniture
472,Nice selection of furniture.
473,Awesome service from staff!!! Great quality products!!!
474,Nice furniture and good service
475,good service
476,Services very good....
477,Wonderful products & service!!!
478,Very good service
479,Marvellous designs and affordability!
480,Friendly staff! Excellent service!
481,Good customers service
482,Great price and good quality stuff
483,Nice teakwood furniture
484,Very good service encounter!
485,Good value for money!!
486,Great services and affordable prices...
487,"(Translated by Google) good service

(Original)
ÊúçÂãôÂ•Ω"
488,"(Translated by Google) Wonderful showroom of Wihardja üëçüëçüëç

(Original)
Wonderful showroom of Wihardja üëçüëçüëç"
489,"(Translated by Google) Not so good

(Original)
‰∏çÊÄéÂ•Ω"
490,"Disgraceful front desk staff. I required assistance, having made eye contact with this young man, I was literally waiting in front of him for a few minutes, for him to get off the phone. Instead of trying to end the conversation quickly, he ‚Ä¶"
491,This place sells mostly wooden furniture. Has a range of wood colours. Quite a number of options for wooden bed frame.
492,Yunxuan had helped us with the selection and ordering of our furniture. She was very helpful and knows information on the furniture and she was able to help us with all our queries. We are very satisfied with her servicesüëåüëåüëå. The options available in Wihardja is commendableüëçüëç
493,Best place for teak wood furniture. Reasonable price for good quality furniture.
494,We really enjoyed the good service here by Lee Ling. Quality teak wood is hard to find. Wihardja‚Äôs teak furniture‚Äôs quality is good and reasonably priced! Looking forward to the delivery of our new bed!
495,Lovely and reasonably priced wood furniture. Very friendly and patient staff who helped with my endless queries! Worth making a trip to the store. Do be mindful that the wood color differ from what you have seen onsite and what you photographed or saw online. üòÅ
496,Very informative customer service and great quality products. Staff was very helpful with explaining the products in further detail and answering our queries. Recommended.
497,"Hi service is good, friendly sales person. Goods arrive in good condition and satisfied. I definitely come   back to check for new stocks."
498,Staffs were helpful and patience with our queries. Furniture were arranged nicely and there's no blockage for any paths.
499,Im happy with Yunxuan and Lee Ling as they help me with my need to buy some items for my new house and they are very friendly. They explain to me and my wife about the teak wood in details. Would recommend my family and friends.
500,I went to Wihardja to get a TV console. The place has a wide variety of wood furnitures. The sales executive Mr Karsoon is friendly and helpful. Keep up the good work!
501,The range was good and well arranged and the the team was very helpful in answering our questions. Is definitely on our shortlist!
502,"Amazing collection, giving you options of wooden furniture's to put it at home. Customer service was excellent too!"
503,Friendly & Helpful staff... willing to assist us on our needs
504,Very nice collection. Tha ek had great experience with you .
505,"Very nice collection, Kar Soon warmth and helpful"
506,A wide variety of quality furniture here. Glad that I was able to see the sofa that I like from the shop and make purchase within the first visit
507,"Price is good for teak furniture, however all of the pieces doesn't have soft close and the finishing is abit rough to touch, but can't argue for the price they are offering. Budget friendly furniture shops"
508,Excellent customer service! Very pleasant experience.
509,"Very satisfied with the service, yun xuan. Very helpful and polite."
510,Thank you yun xuan for your Warmth And help
511,"Place is hard to find but good display of the selections! Good quality for the price, but would be good if delivery charges could have less tiers.

Staff are friendly too :)"
512,Pleasant with the service given and everything is well organised and easily accessible
513,Superrrr nice. Very unique and reasonable prices. We would sure come here to look at new designs in the future. Staff was very informative. We loved the different accessories...
514,"We ordered the bed in king size at a really good price! They can even customise the bedside tables to fit exactly the space we have at home. Good, solid quality. What was especially notable is the fantastic service by LeeLing. She was very helpful and patient with our queries and not pushy at all. She made it an enjoyable experience."
515,"Staff are super friendly and helpful, especially for a clueless bird like myself. Reasonably priced furniture too! Highly recommend!"
516,Efficient service and Friendly staff ! Highly recommended!
517,very informative sales asst . Leeling was very  helpful and assured us in getting the right item with all the product specs in detail..
518,Thank you very much JH for your extended services in making sure that the products I ordered can be delivered on time. All the best for your new place in June 2019!
519,A good place to shop for teak wood furniture. Moderately priced piece of furniture and can offer slightly customised measurement to adapt to your need.
520,The place is awesome! With very nice furniture concepts and a good blend of modern with rustic teak surrounding to create a homely ambience for my place.. excellent service as well from Lee Ling! Thumbs Up!
521,"Happy with the customer experience given by Lee Ling, she is really attentive and has very good product knowledge. Just that the finishing for some furnitures like tracking for drawer still very hard to open and the hinges as well need to improve further.
These 3 products that I found the quality better than the rest."
522,Awesome layout and great display of stuffs in order. A pleasant browsing experience and easy to look for items! My always go to place for my woody love!
523,Great Concept Store.  Staff are extremely friendly and helpful.  A must to visit for those getting their new house.
524,Easy to locate at.. very2 friendly staff!! Alot of variety
525,"This is a sharing of my experience after purchasing a pair of stools and a dinning table and bench set from Wihardja.
Price - 4 stars
Not the cheapest around but definitely appealing and eye catching for the furniture available.

Quality - ‚Ä¶"
526,Interesting team furniture. Good variety
527,Great variety of wooden furnitures. Affordable prices and antique collection. They do have accessories to compliment your house. Building is at entrance of Genting lane 4th floor. Very friendly staffs always available to answer queries. Overall good place to shop wooden stuffs.
528,Staff was friendly and very helpful!
529,"The Teak Tissue Box is super cute and the price is very reasonable!

The stuff is very friendly and helpful as well!

Strongly recommended :)"
530,It has been a wonderful place to hang out and great selections of wood furnitures
531,"Friendly staff,reasonable price n able to customised to your preferance .üëç"
532,"The staff was very pleasant and helpful. Both of them. I could also customise my items to the measurements i needed. Very nice experience. Oh, price is reasonable too. üòÅ"
533,the furniture/product range is generally well priced and it was good to see the range at the showroom. do note that the showroom has some but not all of their pieces listed on their website. service was excellent where they were on hand to ‚Ä¶
534,Lee Ling has been most professional and precise in her advice to me and my family in customising a bunk bed for us. A very pleasant experience. No fuss. No stress. Highly recommend!
535,Wonderful place selling teak furniture.
536,Great place to appreciate the beauty of Suar wood. Astonishing beautiful grains in the wood is mesmerising. ü§£ü§£ü§£
537,"Plenty of great finds here. You'll find what you're looking for, the staff are always eager to help and give out suggestions as well. They can customize too according to your needs."
538,Nice selection of teak furniture at reasonable price
539,A very nice teak furniture store. Homely warm items and very helpful staff. They were very easy to talk to in responding to my queries. Would recommend:)
540,Nice place to shop and items price reasonable.
541,Genting Lane showroom is quite big. They even had mini models of the bed frames for those they cannot display. Friendly service. Reasonable prices. Recommended to pay a visit!
542,"Found shop on google and decided to pay a visit. Staff were great and patient. Showed us different things, but not pushy. Definitely worth the visit."
543,Safe environment for my 2 yr old to roam around. Nice cooling air con. Spacious to walk and roam. Approachable staffs.
544,"Lady sales staff, Lee Ling, was very very patient and polite and sincere. Fantastic experience at Wihardja Macpherson. Pricing very competitive as well."
545,Bought two side tables online and went down to the showroom to purchase more items. Cool furniture with alot of engraved designs. Teak lovers definitely a go at this place!!!
546,Had a pleasant shopping experience here! Lee ling was super helpful and accommodating. My family and I have been buying our furniture from wihardja for many years now and we always find ourselves coming back for more üëçüèª
547,Very friendly and knowledgeable staff. Gave us helpful considerations when selecting the furniture was looking for. Good job! Will recommend my friends to have a look that the solid wood furniture they have on display here!
548,"The staff were very helpful and patient with us. Since we were mixing different models of dining table and chairs, the staff helpfully measured to ensure the chairs could fit with the table length."
549,Super helpful service. Navigation around the showroom was easy and the entire area was very well maintained. Will definitely come back.
550,"Came across this place when I was looking for this furniture. Service was friendly and prompt... although I didn't make any purchase, I would recommend it for its friendly sales people with good product knowledge! Prices are fairly reasonable too."
551,Fantastic quality and good pricing for wooden furniture. Friendly helpful staff and items all can be customized from wood color to fabric colors.
552,Big space and many design to choose from. Friendly people too! Bought a cute toilet holder.
553,"Plenty of great finds here. You'll find what you're looking for, the staff are always eager to help and give out suggestions as well. They can customize too according to your liking."
554,"Very spacious location with friendly staff. Great quality solid wood. Some cupboard drawers with rails, others without. Something for all budgets"
555,We have all furniture at my home from wihardja.. we love the quality and design.
556,Like the design and quality of furniture. Reasonable  price
557,"Great service, endless designs n customizable."
558,"The showroom had a variety of beautiful collections. After going through a lot of furniture shops, I found that their products were a class apart and are not the same thing you find in any other store. Their products are mainly of solid ‚Ä¶"
559,"Great showroom, great service. No pressure, good explanations. Easy to discuss custom options (lots)"
560,Really nice place for furniture. Seems a bit under staffed though
561,Walkable distance to from Kaki Bukit. Very friendly and extremely helpful staff who readily provides constructive suggestions to customize the bed frames based on our specific needs. Found this from online ads. Extremely satisfied!
562,Nice and the sales person entertained me and my wife
563,"First time here.Relax shopping environment. Helpful,honest customer service. Not pushy. Will come again."
564,Friendly and informative staff. I'm a old customer and am glad to be back to see more nice selection of furniture.
565,The experience is of good standard. The one who served us was lee ling. She has good knowledge n  she is really experienced and has a lot of patience. She is very cheerful which is good as well! Will come back if ever need to!
566,"Location was accessible. The showroom was very nice, I loved the smell of wood that permeated through the whole place. Customer service was great, the salesperson was polite and we appreciate the fact that she did not hound us to buy their products like the other showrooms do.  The entire process was very smooth and enjoyable."
567,"This furniture store located in Kaki Bukit, features a variety of solid wood furniture and collectibles which any house-proud owner must not miss. I have made countless visits to the store and still keep coming back. You can never get tired ‚Ä¶"
568,"Relatively well priced solid wood furniture. We were impressed with the extensive range and the customization that they can do for you, not so impressed with the 3 months waiting time and separate charges for delivery. Given their prices ‚Ä¶"
569,"Some really nice pieces here , homely feel to it and they are not pushy with sales. Good prices compared to some stores in Singapore with similar pieces."
570,"Highly recommended.
We got to know this shop through words of mouth.
High quality furniture made of Indonesian hard wood at affordable price points. Good selection of wood stain colours.
We bought a bed frame, book shelves and a desk and my wife is very happy. Staffs are friendly and helpful and we enjoyed the entire purchase experience!"
571,Pleasant surprise find that we ended up getting 4 chairs. Good selection and service!
572,"We went to Wihardja outlet at Mcperson rd. The staff is very nice and helpful to explain detail about the material, size, colour etc. We purchased dressing set and sideboard chest. Looking forward to see the furniture beautify my home within next 60-90days."
573,"I fell in love the 1st time I entered Wihardja Mcperhson. I am always a teak furniture fan & I am happy that Wihardja can provide me ideas for my new home. For sure, I will finalise my purchase soonest possible."
574,Lady Seller is really helpful and pleasant! Furniture prices is reasonable too! Had a really good experience here! Highly recommended
575,"Was searching for bed frames online and found this. Service staff was polite and very helpful. Overall, pleasant experience."
576,"The service staff, Yunxuan provides excellent service and is very knowledgeable. Well done and we will come again for sure"
577,The products here are well made. Manage to find the items that we were looking for. Great service given by Lee Ling üëçüèª
578,Solid wood and great design. If you're looking for that scandi boho bali style.. this might just be the place. ü§∑üèª‚Äç‚ôÇÔ∏è Staff are keen to help with choice and selection. Got my chairs and console here.. quality products.
579,"Impressed wz the new showroom in Genting Lane.  More furniture on display, to suit every corner of the house. Love the woody furniture and the finishings are excellent! Staff are very friendly and helpful. Will definitely patronise Wihardja."
580,"Very pleasant visit esp to the 2 ladies esp YunXuan, who were very helpful and managed to answer all my queries and assist me and my husband when we were finding a cabinet suitable for home."
581,"The sales girl here are so friendly!
Warm service....cheers"
582,Was looking for wooden bed frame and did some research online so i decided to visit Wihardja and browse around as the price is relatively better than others. The place was very clean and full of pleasant wood scent. Was served by a pretty ‚Ä¶
583,"Pleasant experience. Customer friendly staff, Yun Xuan and Lee Ling made our day!"
584,Great selection of teak products at good value prices
585,Lee Ling has been very attentive to our needs and have been very accommodating. Service is great and prices are competitive. Recommended!
586,"Very pleasant staff, who was able to advise us well. Well stocked show room, with plenty of space to walk around and view items. Thank you for the great experience!"
587,"Wide variety of options for teak/wood furniture. Very helpful staff that enlightened us on the customisation options for furniture (great feature). Store ambience is laid back, warm feel. Worth visiting :)"
588,awesome store with good quality and reasonable price ..have been buying for past 5 yrs .
589,Great customer service and friendly staffs! Good browsing and purchase experience! Will definitely comeback again
590,"Very wide range of furniture, and they can customize everything, which is really nice. I would recommend visiting the shop to get a better idea of what the pieces are really like. The staff is also very helpful and nice."
591,"Excellent service and lovely items on display. Knowledgeable staff - THANK YOU, Lee Ling!
Looking forward to receiving the items üëçüèº"
592,Wide range of variety at the showroom. Staff are friendly and does not hardsell at all. Very knowledgeable on products.
593,I like the entire showroom space and the staff are very helpful in answering my queries.
594,Great shop with unique wood furniture and interesting accessories for the home! Good prices too and very helpful store assistants. Thanks!
595,We bought a number of items from this shop. Very welcoming and open to customisations. Good quality solid wood furniture at a reasonable price. Lovely service too!
596,Already had an idea which item I wanted. Ordering and buying process was swift and easy. Display pieces looks to be good quality teak wood.
597,I felt delighted with the services and items in the shop. The service lady is nice and friendly. She is very knowledgeable about the products and explained very well about the products to us.
598,.Showroom is spacious than previous location not all items online are displayed but showroom has an extensive range and sales personnel is friendly and helpful
599,Excellent service ! Wide range of teak wood furniture available .
600,Service was great and staff has been very helpful to any queries and information.
601,"Very competitive pricing with customized design bed frame, very patience and understanding customer service support and flexible to design change with lots of technical details provided! Worthy for the visit and i had purchased my favourite bed frame with good aesthetic design as well as achieving auspicious in feng shui perspective!"
602,Good customer service. Easy to negotiate.
603,I am very impress with Wihardja Furniture. Most of my home furniture are from Wihardja.
604,"Great choice of furniture and brilliant service and support from Leeling, who was very flexible and went the extra mile to meet our needs. We only wished there were more pieces on display. Overall, enjoyable experience and we returned as happy customers."
605,Wihardja furnitures design is exclusive and  the  durability of its wood has kept us coming back.
606,"Store front is facing an inner road at the first floor, very easy to locate. Service is warm and friendly. Offers a wide range of highly customisable products at very reasonable prices!"
607,"Got to know of this place through a friend's recommendation. Lee Ling was very friendly, helpful and patient in helping us choose our furnitures and answering our enquiries. Appreciate the time she took to go through our room measurements ‚Ä¶"
608,Great range of product. Friendly n helpful staff Kamfei helps too. Had a good X shopping there :)
609,It was a very pleasant experience coming in. Bought a bed on the spot.
610,Friendly staff and good service. Comes with broad spectrum of selections.
611,Pei Shan is very prompt and helpful in replies and is very patient. I am happy with the service provided by the staff at Wihardja. Would definitely come back again and recommend to friends. Thank you!!
612,"We came to just window shop and browse around. Instead, we were greeted by the friendly staff Lee Ling. Knowledgable and approachable. We ended up buying a multi purpose bench. Definately will have a second visit. Highly recommended. :)"
613,"The furniture at the store looks really nice.
And also the Seals promoter  over here is really friendly.
And I love the furniture a lot."
614,Love the quality of the furniture. Good price. Friendly & helpful staffs!
615,"Very friendly, stuff very helpful, big variety on furniture, we got it tailer made"
616,Good customer service and helpful to help with the purchase of furniture. Excellent knowledge of products helpful with customizing order. Smooth purchasing experience.
617,Very unique and beautiful items. Great customer service. Would definitely be back to buy many decorative items for my home.
618,Lee Ling was very helpful... friendly and made some great suggestions. Was here at Kaki Bukit showroom looking for Sofas.
619,Affordable Teak furniture available here at the showroom. Considering my dining tables and chairs purchase with them soon.
620,"Never had a bad experience with Wihardja. Very accommodating team, always happy to help with customised furniture.
Definitely my go-to store when shopping for quality wooden furniture!"
621,"Variety of choices with reasonable price and good quality, friendly and helpful staff"
622,Bought a day bed which fits perfectly into the living room. Lots of choices to choose from. Worth visiting if looking for teak furniture.
623,Lee Ling and Uncle Tan are both a friendly employee. Good customer service as well as patience. Would love to come back
624,"Cosy and warm set up. Easy to shop around. Attractive furniture.
Friendly and approachable staff"
625,Best quality....very gd service n friendly staff... Well done
626,"Great customer service by the sales person, great variety of teak wood furniture down here."
627,Yun xuan is very patience and very attentive to my needs even though I never buy anythg in the end. She's helpful with my question too. Wihardja is a gd place to visit if you want to buy nice teak wood furniture with decent price. Thank you wihardja!!
628,first time visiting the warehouse here.staff are helpful and friendly aswering to my enquiries.will reccomend to my friend abt this plave:)
629,Hi  came here to look for bed n dining table. Greeted by very friendly staffs.showroom hv variety of furniture to choose..
630,"Lee Ling provides fantastic service, willing to share teak knowledge, great experience with Wihardja."
631,"It was a good experience visiting the the showroom and staff is very friendly, all the items are really good quality and would love to shop here"
632,Lee Ling and Mr Tan are very helpful and patience in answering to all my queries on the products. Both have provided me with excellent service.
633,the quality is good and the price is reasonable. the sales  person Lee Ling is helpful
634,"I got to know wihardja from my mom, and since then when i have my own home , i bought the furnitures from here too. Long lasting furnitures."
635,Nice selection of wood furniture. You may have to wait 2-3 months for delivery.
636,Amazing selection of beautiful indoor and outdoor furniture. Excellent customer service which was very helpful with the furniture customization and inspection and delivery arrangements.
637,I am fully satisfied with the TV console that I purchased from Wihardja. There are wide range of furniture and the quality of the woods are excellent. Highly recommend those who are into teak wood :)
638,Staff were Super helpful and patient. Super happy with the experience
639,"Excellent hardwood furniture, good prices and very helpful and patient staff, highly recommend!"
640,"Very good service, very patient. Looking forward to buy soon some other master pieces."
641,"Been buying for years! Good buy. Value for money. Must go and visit kaki built showroom to see for yourself. You will love it. Whatever you need for your house, you can get here. Not to mention beautiful designs. Very happy with my items."
642,Great range of products. Very good customer service. Have bought many furniture items from Wihardja and am very happy with it.
643,We love Wihardja. Good antique items available here. The staff also very nice.
644,"Fantastic place to get furniture. Affordable sturdy teak wood pieces that would last you a lifetime. Everything is customizable, so you can get something you want rather than just pick up whats on shelf.
Leeling was very accommodative to our needs.
Thank you Wihardja!"
645,My experience is wonderful with the two ladies very helpful and nice to deal with.
646,Fast efficient and friendly service.
647,Staff were very friendly. Furniture quality looks great and price  is also very reasonable.  Highly recommended  ! :)
648,"Enjoyed our experience here especially with the warm and sincere services provided by Jeanne.

Hassle free purchase...

recommended for all to drop by to view their products.."
649,"Product display easy to find, service very good."
650,Happy to purchase our new teak sofa and friendly sales person.
651,Friendly and helpful staff. Well designed and good quality items. Absolutely love the javanese sofa and tropical-colonial styled lamps. Prices are reasonable too.
652,"It is always a wonderful experience shopping at Wihardja. The staff are very helpful and courteous. On top of that, we get to browse the furnitures and items which are sold at reasonable cost, at our own pace and time. Great job, Wihardja!"
653,Great experience to shop here. Good quality natural wood furniture with reasonable price and warm service by Jeanne. Will be back again definitely. Cheers!
654,"Fantastic service and very reasonable price for solid teak wood. Good quality to boot. bought a few furniture for my parents house.
Highly recommend!"
655,"Furniture looks solid and well made, staff helpful and knowledgeable"
656,Item is able to customised to our required. Nice place and highly recommeded.
657,Great service and clear explanations. Cheers
658,Lee Ling is friendly and a good advisor. Like her service. Able to provide good recommendation. Bravo
659,Good customer service. Details of products was explained clearly.
660,Very friendly and helpful staff in answering our customized request.
661,Very friendly and helpful staff! The range here  is excellent for those who like solid wood furniture.
662,Lots of options at very reasonable prices! Best is that u get to customise your pieces.
663,Always offer teak furniture at affordable price served by lovely sales lady Ms Lee Ling. Definitely will visit wirdhaja again üòä
664,Great range of quality furniture and customer service!
665,Easy to find location. Variety of furniture and home decoration stuff. Reasonable price.
666,I‚Äôve been to Genting Lane and I look forward for the shop to open. Lovely staff!
667,Good service and quite reasonable price.
668,Great sevice and friendly staff. Reasonable prices too.
669,"Very good service ... as a return customer have always been satisfied with the stock in store, customer support and most of all the quality if the products."
670,"Lee Ling is very friendly n professional, she is someone who will travel the extra miles in providing excellent customer service, great staff."
671,"A cosy shop with many interesting furniture pieces!  Bean bags, teak furnitures, mirror,  decorative pieces. A little furniture wonderland on it's own!  Will be back soon!"
672,The staff is friendly and kind. She is efficient and answers all our queries! Thank you Lee Ling!
673,Nice place to browse teak furniture. Pleased with Kam Fei‚Äôs knowledge and service.
674,Kam Fei was awesome! Very helpful in explaining the different types of wooden furniture to me.
675,Pleasant staff who provided ready information on the items I was looking for.
676,Great service and very nice furniture !
677,"Personalised wood furnitures, offer wide range of furnitures"
678,I like the teak wood dinning table. Customer service is excellent.
679,"Quick and pleasant service. Very attentive and knowledgeable staff who service with a smile. This place is a hidden gem, good quality wood furniture and designs at affordable prices. 'Leeling' was delightful to deal with and helped us with all our queries."
680,"We are here because
1. We like wooden furniture.
2. Very good price for the materials
3. Helpful and friendly sales  assistance (Yi Sing)"
681,Great friendly staff! Ideal to shop on a Sunday! Prices reasonable !
682,Show room is alot smaller than before. Could have arranged furnitures to give better idea for customers to arrange furnitures when going back home. Sales person very helpful and friendly though.
683,Stumbled upon this awesome find. Beautiful furniture at reasonable prices. Highly recommended.
684,Service is good and pleasurable. Brought a nice bench at very affordable price. Thank you !!
685,Great place to shop for rustic wooden furniture.
686,Wooden furniture
687,"Very wide range of beautiful and natural looking teak furniture available, as well as the option to customize your furniture. Not all items are on display but able to choose from the catalog, and was told the Sungei Kadut branch has more ‚Ä¶"
688,Very convenient venue and amazing sale prices!
689,THE SALES PERSON GAVE US HONEST OPINION
690,"Great customer service.  Service staff knowledgeable and helpful. Great pricing, value for money."
691,Great store with quality teakwood furnitures at affordable price. Kam Fei is really friendly and helpful as well. Great experience.
692,Great variety of furniture at reasonable prices :)
693,Conviniant location. Excellent customer service. Keep up the good work.
694,Good experience. Alot of variety.
695,Lee Ling provided good detailed info. Thanks!
696,Great place to shop for affordable teak furniture. Good customer service.
697,"Lee Ling has been very helpful & friendly throughout, while assisting me."
698,"Mostly sell solid wooden furniture, there are some decorative vintage look items such as wall hangings, shelves, stools, clocks, etc."
699,Great experience. Great customer service. Highly recommended.
700,Place is huge with many furniture on display. Allows you to customised at a nominal fee. Good quality wood. Great customer service. The only drawback is that it is not so accessible by public.
701,Service rendered was good. The furniture was well made
702,Nice looking and good quality bed frames. I bought a king sized bed frame!
703,"Good Suar wood furniture collection,"
704,"The place has fantastic wooden furniture collection..people who like the feel of wood,should pay a visit..."
705,Staff not knowledgeable and parking is per entry instead of per minute / hour parking
706,Very helpful sales rep. Keep it up!
707,Good experience and nice collection
708,The Nano sofa is very comfortable and the depth and height is just right for asian size.
709,A good experience I had at Wihardja today..with good and friendly service.. great staff you have there..I bought 3items today. Looking forward for the items to be delivered on 21 mar.. yeah.... was here today 9 april at 5pm....
710,Very very good table that I bought. Value for money. Highly recommended.
711,Nice shop with convenient parking. Spacious and good quality teak furniture. Good service !
712,"Very friendly staff, wonderful store ambience and affordable price! :D"
713,Mr Tan was a very friendly representative who who had a fair knowledge of the product that convinced me to make my purchase. So was Leeling who made shopping in Wihardja a breeze. Thank you!
714,"Very affordable and quality furnishing, fantastic design with courteous staff"
715,The staff is friendly and helpful. The goods are in good quality.
716,It is good to come here and I am able to buy the furniture I need.
717,This is a place if you appreciate rustic and sutrdy furniture
718,Great place for those looking for authentic wooden furniture. Check it out.
719,Very friendly and helpful with lots of ideas how to customise furniture to our needs
720,Selections are limited and not flexible in purchasing in terms of exchange for promotional items. Nice sales personnel though
721,Nice wood furnitures and the staff are friendly.
722,Nice furniture and nice place to shop.
723,Good price and quality for teak wood furniture. I am a happy customer.
724,Great store.. very nice collection...with wide variety available. Shall definitely visit again
725,Lee Ling is knowledge and was able to explain the products functionality well.
726,"Lee Ling is very helpful and patience at explaining the product details and logisitic arrangement. Fuss free shopping and wonderful experience, impressed with the designs of the furniture."
727,Nice storage of furniture
728,Need to refresh variety..nice s
729,"Venue is specious, friendly staff and items are much prettier than what you see online."
730,Place with variety of wooden furnitures.
731,"The staff were very helpful, and patient. Managed to get 3 pieces of sofa for my living hall. Will come back again!"
732,Friendly and good service. Prices are reasonable. Highly recommended.
733,Good quality products. Been here several times for the wooden furniture.
734,Great products. All handmade and of high quality. Great service and very helpful staff.
735,"Attentive staffs, quick with follow up and knowledgeable."
736,Staffs are Friendly and welcoming..quality of product is good as well
737,Second time went here. And always success on getting my house fuller.
738,Love the furniture here! Great customer service by Jean and the most teak furniture can be customise. Highly recommended!
739,"Staff here very helpful and friendly.
They can provide alot information and advise.

Will come back for more products."
740,Furnitures here is nice and staff is very helpful.
741,Recommended place to find unique furniture designs. Friendly staff.
742,Very well service oriented
743,"Excellent service, good quality and reasonable price! Highly recommended."
744,"Good quality solid wood, furniture has lasted us many years.
Their staff are very helpful too."
745,Eclectic mix of wood furniture squeezed into every available space.
746,Good quality items at reasonable prices. Very helpulllful staff
747,I love the classic style of furniture here. Great value for money.
748,Nice little furniture shop in the east with solid teak stuff . For those looking for furniture. Reasonable pricing as well.
749,Good quality and affordable furniture with great service! :)
750,Friendly staff and is very prompt to give feedback on our queries. Overall is a very good service experience .
751,"Everything here was very nice, artistic and awesome with an affordable price. I love this place."
752,I love this store! They have very nice display and deco.
753,"Elegant furnitures,  like their stuff specially the wooden sofa. Will come back definitely."
754,"Service excellent, accommodating as well as knew exactly what we wanted. Good!"
755,Nice range of teakwood furniture at reasonable prices! Bought a sofa from them and received excellent service!
756,Wonderful home accessories! Love my new lamp and ladder!
757,Nice selection of teal furniture. pricing is competitive.
758,Nice furnitures.highly recommended. Good pricings and quality. Excellent staffs
759,very nice furniture at good prices. staff are very helpful and knowledgable
760,"One stop store for all the pretty, antique n rustic goods!"
761,"Very pleasant shopping experience, excellent service and helpful advice from Jean, kudos to Wihardja for such beautiful furniture and staff to go along!"
762,Convenient location Gd service Found what i needed immediately
763,"Ok, not bad. Good wood furniture"
764,"Good environment, very helpful staff"
765,"Pleasant and helpful services provided‚Ä¶ Good quality wooden furnitures, highly recommended."
766,Nice place and furniture and great service :>
767,"Good experience, very helpful staff."
768,Great products. Very helpful staff who made purchase easy.
769,"More choice, price reasonable. Special design.."
770,Amazing experience! Very helpful staff and great recommendations
771,"Good product range and excellent customer services, good value for money"
772,Pleasant shopping experience n friendly staff.
773,"Value for money, unique zaka furniture pieces
@.@"
774,Great design and quality üëçüèª And very friendly staffs üëèüèªüëèüèªüëèüèª
775,Fabrication the products to our need. Quality thumbs up n excellent service by the staff.-Ms Jeanüëç
776,"Great service, good value for items purchased"
777,Wide variety of teakwood furnitures. Lovely designs too.
778,"Great service, very helpful staff. Bought more than what I intended to and most likely I'm coming back soon."
779,"Very good customer svc, will visit again for further purchases as prices very teasonable"
780,Unique collection! Worth the visit
781,"We literally pulled our hair out after a bad experience of having our previous sofa purchase refunded. Ransacked Google and came across what fits out bill, L-shaped teak sofa with the right size and the price was reasonable. Hence, we ‚Ä¶"
782,Friendly service ! Nice range of furniture!
783,"Friendly and efficient.
Good quality products."
784,Good product @ cheap price.
785,overcrowded display and some area were disorganise.Friendly service.
786,Reasonable wood furnitures and craft
787,"Great products, good price n customer service!"
788,excellent friendly attentive service n to top it all.....the price is within my budget :)
789,Great showroom with quality finds. Worth the trek.
790,"Good, efficient service with a lot of variety"
791,"Excellent service, very flexible, great furnitures"
792,"Some good quality furniture sold here.. Unfortunately, prices are generally quite high."
793,Sales person is helpful and friendly.
794,Wiharja furnitures are good and affordable
795,I love wood. Must check the designs
796,Very good place to browse!
797,Wide collection of teak furniture and friendly staff. Items directly import from Indonesia.
798,"The furnitures here wonderful
It suits us"
799,Excellent service from staff. Good experience and value buy
800,Great variety. Accessible shop.
801,Good furniture...not too bad prices
802,Good service
803,Good furnitures
804,Great service
805,We had patronised the shop and was satisfied with their services.
806,Very friendly place to get the furniture
807,Beautiful furniture with very good price. üëç
808,Great stuff on site.
809,great environment!
810,Nice n convenient
811,Found what we were looking for at the right price!
812,"Great variety of choices, friendly staff."
813,Nice items at good value!
814,Excellent servive
815,"Very friendly staff, Jean, who assisted us from design to colour of the furniture."
816,Excellent service
817,Nice selection
818,Thanks for the service!
819,I like all product üëçüèª
820,Good and friendly service
821,Friendly staff. Wide range of furniture.
822,Lacks quality
823,Sturdy and Quality finishing.
824,Price not cheap but gd variety of interior furnishing
825,Good services with great discount!
826,üëç
827,Very nice furniture!good service!
828,Great collection.
829,Cheap! Cheap! Cheap! Cheap Teak Good Furniture!!! Sales!!!
830,Excellent service
831,Good experience
832,Happy to find a lovely cupboard here !
833,very nice teakwood furniture
834,Very nice & friendly staff with nice furniture
835,Great service!
836,Service was very gd. Staff were very friendly.
837,Good service !!! Thumbs up !! :)
838,"Nice place, nice product, nice staff"
839,Awesome and ftiendly customer service
840,"(Translated by Google) Rich in variety and thoughtful service!

(Original)
ÂìÅÁ±ª‰∏∞ÂØåÔºåÊúçÂä°Âë®Âà∞ÔºÅ"
841,"(Translated by Google) Gu

(Original)
Gu"
